0.5356821177944122 ; 190 ; 170 ; ciel ; held 
0.5372580841302605 ; 318 ; 347 ; jusqu ; point 
0.4310629199247375 ; 33 ; 37 ; lorsque ; aloud 
0.46955163901931424 ; 110 ; 107 ; long ; lighted 
0.41083232526059665 ; 33 ; 27 ; étroite ; abrupt 
0.1370265695241269 ; 29 ; 33 ; poches ; pockets 
0.4822023724969665 ; 99 ; 88 ; paroles ; seems 
0.036082886727135506 ; 35 ; 30 ; césar ; cæsar 
0.492756848173052 ; 153 ; 126 ; face ; necessary 
0.02318617517039362 ; 1115 ; 1112 ; valjean ; valjean 
0.46985453080781225 ; 45 ; 35 ; aimer ; kings 
0.43704538592468334 ; 36 ; 29 ; verre ; judge 
0.3104611157480448 ; 104 ; 98 ; bouche ; mouth 
0.40988614423408953 ; 34 ; 25 ; connaît ; summoned 
0.503203312301511 ; 112 ; 101 ; longtemps ; recognized 
0.34405782346641633 ; 29 ; 26 ; aube ; shirt 
0.5416581997756827 ; 126 ; 118 ; travail ; filled 
0.49556016813340914 ; 133 ; 119 ; font ; mysterious 
0.4790160831864542 ; 110 ; 88 ; faites ; simple 
0.4948644520928994 ; 129 ; 131 ; veux ; want 
0.514769600370937 ; 149 ; 119 ; lieu ; mysterious 
0.37899158857953075 ; 26 ; 26 ; pénétrer ; leading 
0.25495337574460114 ; 41 ; 51 ; branches ; branches 
0.4332629507827028 ; 56 ; 41 ; joue ; possibly 
0.44349064989714737 ; 99 ; 82 ; ouvrit ; halted 
0.0993572984776465 ; 28 ; 28 ; communauté ; community 
0.3054261892286637 ; 100 ; 129 ; poche ; pocket 
0.45291973550157594 ; 57 ; 50 ; rendre ; permitted 
0.4186111345428384 ; 33 ; 24 ; creux ; alleys 
0.46415660903190825 ; 55 ; 40 ; vide ; answer 
0.4043701714727195 ; 48 ; 51 ; sol ; branch 
0.0878499371129719 ; 69 ; 67 ; cinquante ; fifty 
0.43460294970502056 ; 23 ; 23 ; grève ; slave 
0.24129018601917496 ; 28 ; 26 ; mame ; ma 
0.17752879515527903 ; 50 ; 45 ; mères ; mothers 
0.42726129390645917 ; 46 ; 34 ; jaune ; addition 
0.42436700740666083 ; 56 ; 41 ; profondément ; pulled 
0.38581937990241433 ; 300 ; 309 ; répondit ; replied 
0.5631024737895145 ; 64 ; 53 ; robe ; false 
0.3896390850331985 ; 52 ; 47 ; vraiment ; bear 
0.3205555156337607 ; 31 ; 28 ; premiers ; season 
0.004972098615332148 ; 40 ; 40 ; prince ; prince 
0.521744241976825 ; 195 ; 162 ; quel ; manner 
0.4346974136397398 ; 46 ; 34 ; nu ; toil 
0.5039965450321063 ; 80 ; 62 ; faits ; existence 
0.43028119525229336 ; 22 ; 23 ; tabac ; content 
0.23231694738504757 ; 64 ; 49 ; vaguement ; vaguely 
0.37958566245186476 ; 21 ; 21 ; citoyen ; locks 
0.2346555588268508 ; 37 ; 46 ; épaule ; shoulder 
0.536399567213572 ; 141 ; 137 ; celui ; foot 
0.16320810917052647 ; 160 ; 199 ; police ; police 
0.3967613951570529 ; 23 ; 21 ; bourgeoisie ; locks 
0.28141454753671724 ; 31 ; 35 ; coins ; corners 
0.409167943312859 ; 203 ; 168 ; vrai ; true 
0.41296350427461315 ; 66 ; 51 ; forme ; clouds 
0.4333097136357517 ; 24 ; 21 ; appelaient ; wealthy 
0.006101211547082319 ; 253 ; 253 ; enjolras ; enjolras 
0.45505275103278225 ; 88 ; 82 ; jeta ; uttered 
0.4071806892675014 ; 34 ; 32 ; joli ; contrary 
0.5398686297746489 ; 432 ; 467 ; coup ; head 
0.3755317231742291 ; 66 ; 83 ; prison ; prison 
0.18432413167944883 ; 81 ; 83 ; amis ; friends 
0.3590499461819178 ; 25 ; 32 ; saisi ; contrary 
0.3439201275160746 ; 60 ; 80 ; tué ; killed 
0.4006082738260711 ; 26 ; 24 ; matière ; drooping 
0.4780045662240045 ; 115 ; 112 ; leva ; hardly 
0.3366026208609121 ; 29 ; 29 ; cadavres ; bullet 
0.2631310129396024 ; 21 ; 27 ; merry ; corinthe 
0.45666116495340475 ; 70 ; 67 ; mauvais ; everywhere 
0.35809264046756395 ; 31 ; 21 ; répondu ; scale 
0.29434017224803205 ; 529 ; 467 ; tête ; head 
0.4341845659259066 ; 80 ; 56 ; diable ; devil 
0.3547389648770197 ; 213 ; 258 ; lit ; bed 
0.3958454732070441 ; 33 ; 32 ; magnifique ; exactly 
0.3779106275707629 ; 31 ; 30 ; inouïe ; proceed 
0.5807055618386014 ; 67 ; 47 ; manger ; agony 
0.20525066128160774 ; 74 ; 84 ; âmes ; souls 
0.4960991466130713 ; 144 ; 119 ; pied ; mysterious 
0.5534114227113144 ; 74 ; 78 ; morts ; son 
0.36953327311372186 ; 21 ; 21 ; entier ; aux 
0.04463486851603628 ; 60 ; 58 ; faubourg ; faubourg 
0.5175190667678355 ; 82 ; 89 ; étais ; doctor 
0.4113491186150059 ; 37 ; 29 ; nouvelle ; nightfall 
0.002953308982462294 ; 37 ; 37 ; arras ; arras 
0.4613820345169934 ; 55 ; 45 ; charmant ; extremity 
0.47561417544899187 ; 68 ; 55 ; crois ; alas 
0.3957605129590561 ; 30 ; 21 ; mangé ; nowadays 
0.37990820541778964 ; 37 ; 31 ; répondre ; enveloped 
0.11551826568870466 ; 1237 ; 1227 ; jean ; jean 
0.3703724749967411 ; 33 ; 23 ; journaux ; unprecedented 
0.5047964414690328 ; 131 ; 153 ; passait ; hair 
0.5309267589274276 ; 354 ; 317 ; disait ; down 
0.40406413266817065 ; 35 ; 41 ; aînée ; nun 
0.4756272581838482 ; 185 ; 149 ; pris ; perhaps 
0.04174263673383408 ; 54 ; 53 ; officier ; officer 
0.43667918009078194 ; 56 ; 45 ; tomba ; broke 
0.393259894802228 ; 32 ; 26 ; finit ; accept 
0.3539282984465888 ; 22 ; 22 ; compter ; stated 
0.5174293924416323 ; 168 ; 127 ; instant ; continued 
0.5124303657292189 ; 58 ; 44 ; allée ; write 
0.44951299728185745 ; 68 ; 48 ; parle ; sought 
0.37637349395814657 ; 48 ; 53 ; mesure ; meantime 
0.7019210248179202 ; 3185 ; 2136 ; elle ; are 
0.2938274302734688 ; 60 ; 58 ; absolument ; absolutely 
0.02036189933455211 ; 44 ; 45 ; seine ; seine 
0.004854170180219358 ; 82 ; 82 ; eponine ; éponine 
0.45434340656556804 ; 27 ; 28 ; pioche ; crest 
0.38520220900535107 ; 36 ; 33 ; commença ; late 
0.23991567688975277 ; 22 ; 27 ; humble ; humble 
0.44907574417829643 ; 332 ; 241 ; mort ; death 
0.0022281058674810117 ; 60 ; 60 ; prieure ; prioress 
0.4700398672420967 ; 92 ; 87 ; humaine ; gaze 
0.460337977065447 ; 39 ; 43 ; bonnet ; whither 
0.32739970182698136 ; 21 ; 21 ; touché ; scale 
0.37108316537326413 ; 54 ; 49 ; farouche ; clear 
0.411884171995056 ; 39 ; 39 ; compris ; labor 
0.4351034592276283 ; 53 ; 48 ; attendait ; natural 
0.40926442580715067 ; 86 ; 127 ; continua ; continued 
0.39941053131985643 ; 25 ; 26 ; examina ; stands 
0.39999653830978615 ; 38 ; 34 ; riait ; laughed 
0.4900148274364051 ; 165 ; 180 ; passé ; possible 
0.4262926881269647 ; 67 ; 72 ; trouvé ; vast 
0.15115567719925002 ; 104 ; 89 ; quinze ; fifteen 
0.4067415061778043 ; 73 ; 67 ; banc ; bench 
0.38982893675069613 ; 27 ; 23 ; gras ; phrase 
0.36617491225971965 ; 44 ; 40 ; affaires ; useless 
0.49501736716115585 ; 110 ; 77 ; petites ; spoke 
0.49972119058731135 ; 81 ; 55 ; 8 ; iv 
0.31299395425210097 ; 33 ; 23 ; bâtiment ; enclosure 
0.5510948271179337 ; 211 ; 159 ; ceux ; rather 
0.21115722081266872 ; 93 ; 89 ; médecin ; doctor 
0.36187114564596123 ; 26 ; 22 ; sage ; twice 
0.039438400172301595 ; 100 ; 101 ; frère ; brother 
0.3640538483887999 ; 36 ; 25 ; public ; astonished 
0.2638052911332842 ; 21 ; 25 ; larme ; cavern 
0.46455563151602697 ; 91 ; 62 ; sortait ; dropped 
0.38454631490951147 ; 38 ; 32 ; apparence ; wise 
0.3942612641667361 ; 21 ; 26 ; fatigué ; chambers 
0.2793474912233809 ; 107 ; 101 ; cheval ; horse 
0.356690648925285 ; 90 ; 64 ; ii ; tholomyès 
0.612755509377754 ; 550 ; 545 ; mon ; am 
0.5204926706339034 ; 322 ; 338 ; voilà ; might 
0.17632680886487906 ; 231 ; 232 ; enfants ; children 
0.35525142715762015 ; 32 ; 27 ; tuer ; mouths 
0.40163219093383656 ; 51 ; 42 ; second ; countenance 
0.3787250989778185 ; 28 ; 26 ; souriait ; hanging 
0.3423299526416781 ; 23 ; 27 ; gagnait ; loud 
0.31426468002940733 ; 25 ; 26 ; environs ; playing 
0.058842561151644004 ; 57 ; 50 ; curé ; curé 
0.41987693817321614 ; 43 ; 51 ; venue ; silent 
0.4213828593273335 ; 32 ; 23 ; corinthe ; discharge 
0.1899246239413345 ; 200 ; 227 ; table ; table 
0.3838858913423081 ; 31 ; 23 ; sujet ; traverse 
0.4538668142299447 ; 31 ; 29 ; etre ; citizen 
0.13547414136738545 ; 27 ; 26 ; mouchoir ; handkerchief 
0.18640772530611197 ; 36 ; 31 ; sépulcre ; sepulchre 
0.5066307209808053 ; 645 ; 635 ; toute ; about 
0.17023898946035346 ; 34 ; 30 ; accusé ; hougomont 
0.35266215912983073 ; 25 ; 33 ; contemplation ; contemplation 
0.22842433637137283 ; 60 ; 62 ; vertu ; virtue 
0.2009161845260837 ; 141 ; 120 ; roi ; king 
0.3375053526807759 ; 23 ; 24 ; baraque ; hide 
0.5221418981242288 ; 312 ; 280 ; quoi ; fact 
0.4091243294252353 ; 38 ; 30 ; visible ; putting 
0.5127988712234859 ; 223 ; 204 ; fût ; alone 
0.4154429152793024 ; 45 ; 46 ; venaient ; monstrous 
0.21205299862424465 ; 36 ; 29 ; cavalerie ; bullets 
0.2686311720401804 ; 24 ; 30 ; détresse ; distress 
0.5039485994839648 ; 321 ; 378 ; bas ; chapter 
0.3549749939828351 ; 27 ; 26 ; gueux ; terms 
0.33589112809044636 ; 24 ; 23 ; froide ; marked 
0.13600980430489573 ; 25 ; 22 ; habitudes ; habits 
0.12495663680784536 ; 28 ; 27 ; calvaire ; calvaire 
0.3866337176039581 ; 59 ; 50 ; mettait ; beauty 
0.4066255737709228 ; 67 ; 84 ; certains ; rendered 
0.303236725181536 ; 286 ; 290 ; derrière ; behind 
0.09037638199343336 ; 65 ; 76 ; crime ; crime 
0.5101481918294428 ; 52 ; 55 ; armé ; à 
0.0050473549211356335 ; 31 ; 31 ; charles ; charles 
0.44078543532794906 ; 51 ; 55 ; ordinaire ; iv 
0.3494347468324529 ; 23 ; 26 ; réveilla ; solid 
0.4737006875686353 ; 83 ; 100 ; croyait ; caused 
0.4314308596971938 ; 81 ; 58 ; calme ; shoulders 
0.5158999197277611 ; 318 ; 364 ; moins ; something 
0.6053693429707048 ; 283 ; 284 ; votre ; francs 
0.5978349335832407 ; 113 ; 99 ; grille ; sword 
0.44101552437681546 ; 42 ; 38 ; afin ; legs 
0.4891789522618475 ; 69 ; 61 ; blancs ; quitted 
0.49451314766387383 ; 113 ; 89 ; peur ; produced 
0.5415176372192865 ; 218 ; 220 ; soit ; full 
0.3573540288863951 ; 27 ; 23 ; ajouter ; sheets 
0.32654558606373285 ; 24 ; 26 ; bandit ; handkerchief 
0.19801951181756206 ; 114 ; 104 ; bourgeois ; bourgeois 
0.522758381646645 ; 335 ; 298 ; ici ; things 
0.36182776142786655 ; 120 ; 109 ; doute ; doubt 
0.17329073183010776 ; 53 ; 52 ; sinistre ; sinister 
0.32038900276098226 ; 154 ; 117 ; soleil ; sun 
0.3586497778452191 ; 26 ; 22 ; termes ; rock 
0.447902832774156 ; 48 ; 43 ; distinguait ; torn 
0.38521409481911084 ; 24 ; 25 ; jardins ; gardens 
0.38100354135888354 ; 1410 ; 1298 ; nous ; we 
0.28858395341157617 ; 24 ; 27 ; appelez ; lamp 
0.4010550170054522 ; 45 ; 36 ; regardant ; pursued 
0.5550249316831716 ; 382 ; 284 ; très ; another 
0.4013281463753255 ; 37 ; 28 ; sembla ; sleeping 
0.44417382543120437 ; 67 ; 49 ; commencement ; places 
0.11386455071107351 ; 45 ; 43 ; science ; science 
0.39025055357375593 ; 31 ; 23 ; apparition ; insist 
0.27467490360718955 ; 49 ; 44 ; voleur ; thief 
0.46957248007423025 ; 94 ; 76 ; aperçut ; several 
0.42235525124582457 ; 50 ; 69 ; affreux ; listened 
0.38038746135344575 ; 22 ; 25 ; aide ; event 
0.41586105086038333 ; 36 ; 37 ; portière ; portress 
0.5091277702275109 ; 213 ; 188 ; effet ; already 
0.5019404070664728 ; 75 ; 96 ; prenait ; attention 
0.4259519826986612 ; 47 ; 59 ; deuxième ; roof 
0.4292677847172294 ; 55 ; 37 ; jeter ; firm 
0.5187912708446089 ; 168 ; 126 ; quelqu ; necessary 
0.37095302597345436 ; 36 ; 36 ; servir ; pursued 
0.3498059776001068 ; 21 ; 23 ; diverses ; sheets 
0.37071388772241054 ; 129 ; 116 ; histoire ; history 
0.45648458291496585 ; 23 ; 21 ; écrivit ; trial 
0.3849273258972289 ; 40 ; 32 ; tourner ; attempt 
0.5128823374508473 ; 2210 ; 2036 ; comme ; but 
0.40011692113119657 ; 28 ; 21 ; issue ; allowing 
0.4282806405587188 ; 41 ; 38 ; attendant ; elbows 
0.3361064115754373 ; 21 ; 23 ; rayons ; upright 
0.20865034024584223 ; 23 ; 26 ; carabine ; halles 
0.3935321143954855 ; 21 ; 24 ; possession ; stage 
0.3648849689394543 ; 24 ; 25 ; apparaissait ; proper 
0.3790106358205035 ; 27 ; 25 ; donnée ; birth 
0.3633771729367938 ; 23 ; 21 ; courir ; viewed 
0.409644776821835 ; 29 ; 22 ; bonjour ; petticoat 
0.06339121674136787 ; 48 ; 51 ; oiseaux ; birds 
0.33762893838132624 ; 23 ; 22 ; puisqu ; bones 
0.5079552848527622 ; 645 ; 515 ; encore ; still 
0.19770525161286215 ; 46 ; 37 ; ruelle ; lane 
0.4232868176681142 ; 41 ; 52 ; simplement ; abruptly 
0.30888033611785354 ; 25 ; 28 ; hautes ; period 
0.3689040362026407 ; 51 ; 44 ; écrire ; write 
0.37727966803253765 ; 130 ; 180 ; possible ; possible 
0.27103121241782624 ; 23 ; 24 ; droits ; ignorance 
0.5291130482712794 ; 175 ; 153 ; visage ; hair 
0.44357178903098693 ; 67 ; 49 ; misérable ; vaguely 
0.3057820869662775 ; 28 ; 28 ; péril ; peril 
0.4800206339523081 ; 106 ; 82 ; arrêta ; halted 
0.3812616565283871 ; 39 ; 47 ; rentrer ; laughter 
0.5187110550604459 ; 105 ; 123 ; passant ; seated 
0.37319276163078263 ; 23 ; 22 ; obstacle ; citizens 
0.2679373476576106 ; 23 ; 21 ; frappé ; softly 
0.3737291527378234 ; 21 ; 27 ; broussaille ; kill 
0.23153313361917988 ; 362 ; 354 ; air ; air 
0.5274721250042065 ; 227 ; 186 ; dessus ; above 
0.42130859410086335 ; 46 ; 34 ; souliers ; dieu 
0.3748733232702932 ; 72 ; 65 ; tort ; wrong 
0.3751808294792751 ; 28 ; 32 ; entrant ; exactly 
0.36215596762405716 ; 30 ; 35 ; excepté ; shook 
0.3245351951198278 ; 23 ; 21 ; agit ; tuileries 
0.37729634044558846 ; 29 ; 26 ; rude ; slipped 
0.41509948715469447 ; 35 ; 32 ; sombres ; shudder 
0.5223362091514492 ; 245 ; 239 ; avons ; since 
0.5278870598037727 ; 233 ; 222 ; dix ; also 
0.3981541499820179 ; 34 ; 23 ; laide ; courage 
0.3906028601821841 ; 31 ; 36 ; dormait ; suffered 
0.007385651144969856 ; 71 ; 69 ; colonel ; colonel 
0.474339784579896 ; 71 ; 57 ; revint ; violent 
0.465022221317943 ; 46 ; 34 ; o ; falls 
0.31977207828291176 ; 44 ; 33 ; duc ; duc 
0.5083578490724978 ; 101 ; 97 ; savoir ; ago 
0.3654594488979697 ; 37 ; 26 ; servait ; remarked 
0.14962866637581373 ; 42 ; 43 ; agent ; agent 
0.424639350649444 ; 84 ; 84 ; triste ; sad 
0.38272832371814436 ; 31 ; 26 ; douter ; handkerchief 
0.40976917287784365 ; 32 ; 36 ; antique ; common 
0.4584131083944737 ; 99 ; 111 ; abord ; arrived 
0.004445558391534779 ; 58 ; 50 ; fossoyeur ; digger 
0.26340500639254427 ; 25 ; 21 ; onze ; eleven 
0.4611044351126928 ; 60 ; 47 ; mauvaise ; bear 
0.45626797852184237 ; 51 ; 45 ; lever ; engaged 
0.46315406471932974 ; 59 ; 50 ; dites ; won 
0.4019300212488867 ; 25 ; 22 ; douloureux ; heed 
0.5295832755993418 ; 162 ; 176 ; aujourd ; earth 
0.326171800176426 ; 21 ; 23 ; rapide ; destined 
0.42423137155203694 ; 48 ; 38 ; exemple ; tender 
0.3901197376312469 ; 44 ; 32 ; française ; genius 
0.10568320422904126 ; 68 ; 72 ; noms ; names 
0.3773849057396427 ; 37 ; 42 ; tient ; afterwards 
0.4034865933617471 ; 27 ; 22 ; pièces ; weight 
0.32979141128632755 ; 40 ; 45 ; réalité ; reality 
0.5340396582923902 ; 118 ; 84 ; cour ; rendered 
0.40916532044777565 ; 42 ; 43 ; taille ; extent 
0.5168257839386416 ; 203 ; 201 ; ayant ; both 
0.004053225198473953 ; 26 ; 26 ; gorbeau ; gorbeau 
0.41824675388948235 ; 38 ; 29 ; douleur ; citizen 
0.23964232929108448 ; 28 ; 32 ; passion ; passion 
0.4778945756089482 ; 85 ; 71 ; trouvait ; latter 
0.45963494781793335 ; 96 ; 85 ; sens ; formidable 
0.4952307192626438 ; 136 ; 101 ; gauche ; carried 
0.35173966222987785 ; 26 ; 26 ; flamme ; slipped 
0.35748926116095464 ; 22 ; 25 ; crainte ; enemy 
0.3492434465449974 ; 47 ; 45 ; extrémité ; extremity 
0.42972730270314125 ; 23 ; 22 ; écrite ; stove 
0.42956592508661795 ; 31 ; 31 ; morne ; clearly 
0.5170550927842408 ; 198 ; 183 ; gens ; exclaimed 
0.37087381290808097 ; 21 ; 23 ; amours ; eagle 
0.41392405200381255 ; 29 ; 24 ; fallu ; extended 
0.47283687809267666 ; 62 ; 50 ; surtout ; add 
0.4241919847117521 ; 33 ; 24 ; riches ; royalist 
0.38702477081309505 ; 23 ; 26 ; puisse ; handkerchief 
0.36364583217130175 ; 23 ; 22 ; prix ; ribbon 
0.5131290105601376 ; 143 ; 128 ; veut ; knows 
0.32711962786132476 ; 30 ; 26 ; tremblait ; decided 
0.5057260880873446 ; 192 ; 157 ; vit ; lost 
0.3619637482105673 ; 25 ; 24 ; pente ; owed 
0.4816740333618371 ; 91 ; 71 ; tel ; latter 
0.41426885796264995 ; 30 ; 29 ; montagne ; duties 
0.48530848936688936 ; 66 ; 93 ; longue ; future 
0.3797948315435409 ; 26 ; 24 ; puits ; owed 
0.4027847857589262 ; 36 ; 37 ; fou ; miserable 
0.4613776359658706 ; 48 ; 35 ; pensait ; worth 
0.35798767624355754 ; 24 ; 28 ; blancheur ; period 
0.17568267019879152 ; 67 ; 76 ; canon ; cannon 
0.4302029450886715 ; 56 ; 49 ; lugubre ; hard 
0.3332878488144991 ; 24 ; 26 ; pères ; minister 
0.48702101827270095 ; 114 ; 145 ; figure ; making 
0.47357007420947167 ; 85 ; 119 ; perdu ; gazed 
0.2922113298441393 ; 23 ; 21 ; tôt ; distinct 
0.10415409997498293 ; 31 ; 25 ; comte ; comte 
0.342090679805065 ; 29 ; 26 ; pencha ; character 
0.481409528480103 ; 100 ; 85 ; champ ; thoughts 
0.32194903083706494 ; 23 ; 23 ; touchait ; performed 
0.2805727756897928 ; 53 ; 58 ; épaules ; shoulders 
0.5197224250029797 ; 185 ; 182 ; place ; returned 
0.4276973898397233 ; 39 ; 30 ; jette ; cæsar 
0.3795116025025329 ; 33 ; 34 ; cabriolet ; chapel 
0.5393291276045487 ; 167 ; 183 ; parce ; exclaimed 
0.005227567893183016 ; 22 ; 22 ; février ; february 
0.0927224538955782 ; 27 ; 29 ; denis ; denis 
0.4496787899497745 ; 39 ; 30 ; mémoire ; celestial 
0.5028326768432335 ; 442 ; 498 ; quelques ; before 
0.02396711371889959 ; 177 ; 164 ; jondrette ; jondrette 
0.4552355706440673 ; 35 ; 39 ; nombre ; flat 
0.1058641061308215 ; 155 ; 143 ; joie ; joy 
0.04297715132501931 ; 32 ; 33 ; jardinier ; gardener 
0.4587479607368681 ; 75 ; 89 ; cas ; sign 
0.45152819449857673 ; 77 ; 61 ; laisser ; complete 
0.3661776519042094 ; 30 ; 27 ; linge ; midday 
0.3814162990972187 ; 68 ; 62 ; veille ; preceding 
0.1251996926259772 ; 106 ; 105 ; boulevard ; boulevard 
0.35104584893475954 ; 23 ; 27 ; désordre ; triumph 
0.30094146012485795 ; 36 ; 28 ; tristesse ; sadness 
0.32129061198194786 ; 28 ; 26 ; funèbre ; character 
0.4699068628607077 ; 55 ; 40 ; étranger ; cudgel 
0.48171023093704707 ; 87 ; 84 ; uns ; becomes 
0.5276783108965265 ; 153 ; 159 ; dehors ; raised 
0.3529893201721007 ; 24 ; 24 ; coudes ; reigned 
0.3677796637318772 ; 22 ; 24 ; retour ; lord 
0.558078813527223 ; 62 ; 85 ; tantôt ; windows 
0.4200347937938853 ; 46 ; 34 ; douce ; pause 
0.051762392154939794 ; 310 ; 315 ; évêque ; bishop 
0.29502181829739293 ; 39 ; 33 ; balles ; balls 
0.30577318299551504 ; 22 ; 28 ; ouvrage ; sleeping 
0.38472184784797137 ; 28 ; 25 ; remarquer ; stamped 
0.7011781039467139 ; 730 ; 512 ; tu ; us 
0.5082704222215143 ; 67 ; 47 ; garçon ; please 
0.4550707969870271 ; 53 ; 40 ; jolie ; useless 
0.5287124748183616 ; 86 ; 58 ; émeute ; national 
0.47910226706320375 ; 122 ; 128 ; quant ; beginning 
0.39394707193142386 ; 23 ; 22 ; releva ; fool 
0.42542581131319523 ; 38 ; 54 ; absolu ; absolute 
0.32244121879709947 ; 80 ; 85 ; minutes ; minutes 
0.0039415447265507535 ; 25 ; 25 ; millions ; millions 
0.6038247018699167 ; 702 ; 545 ; me ; am 
0.4719866316038038 ; 56 ; 59 ; faim ; roof 
0.5731679731064139 ; 109 ; 83 ; pièce ; square 
0.40578503525861653 ; 24 ; 24 ; logique ; band 
0.41514623611925094 ; 57 ; 49 ; vivement ; group 
0.4252071826700972 ; 22 ; 25 ; réverbère ; belly 
0.10389524706257316 ; 308 ; 284 ; francs ; francs 
0.5244566206764939 ; 1171 ; 1036 ; cela ; then 
0.3902259665722476 ; 23 ; 23 ; secousse ; indifference 
0.32882109105885143 ; 59 ; 75 ; immobile ; motionless 
0.32844045694984125 ; 30 ; 26 ; aubergiste ; minister 
0.4923735373956446 ; 146 ; 149 ; espèce ; perhaps 
0.18000498846180996 ; 302 ; 298 ; âme ; soul 
0.47267072978096536 ; 100 ; 82 ; brusquement ; pale 
0.33368858885360886 ; 29 ; 22 ; reprendre ; bones 
0.3298708655818306 ; 22 ; 24 ; serrure ; owed 
0.441917309697415 ; 21 ; 28 ; cordes ; mattress 
0.3780313361645113 ; 31 ; 28 ; direction ; sleeping 
0.09033775556618526 ; 96 ; 93 ; dents ; teeth 
0.6001106609992513 ; 193 ; 156 ; ville ; sister 
0.05566636398920189 ; 31 ; 32 ; marbre ; marble 
0.36559029248182556 ; 37 ; 25 ; plaine ; gendarmes 
0.47189854231310746 ; 57 ; 45 ; barrière ; sat 
0.33414160536010495 ; 102 ; 77 ; cheminée ; chimney 
0.39656965902079216 ; 33 ; 28 ; espérance ; innocence 
0.41848329703665504 ; 37 ; 36 ; voitures ; throat 
0.32493373209660964 ; 28 ; 27 ; règle ; archbishop 
0.36480472966818844 ; 28 ; 22 ; os ; bones 
0.33420984057775266 ; 32 ; 33 ; facile ; equal 
0.1591373210206116 ; 95 ; 97 ; progrès ; progress 
0.05775999130799124 ; 58 ; 60 ; angleterre ; england 
0.3791848694642622 ; 29 ; 28 ; couché ; celebrated 
0.21740771976543316 ; 94 ; 88 ; simple ; simple 
0.4946647816031839 ; 132 ; 146 ; grands ; small 
0.46621864384970424 ; 67 ; 47 ; venons ; troubled 
0.367176590208651 ; 27 ; 22 ; prononcé ; heed 
0.3198289928124441 ; 23 ; 21 ; regardé ; desires 
0.47731458184052555 ; 65 ; 53 ; rester ; ought 
0.3629235993229447 ; 24 ; 22 ; villes ; kissed 
0.39500153938602417 ; 48 ; 42 ; parlé ; afterwards 
0.33477061949385545 ; 23 ; 30 ; huitième ; prouvaire 
0.38949677008860384 ; 32 ; 28 ; aïeul ; thee 
0.40887700051924286 ; 23 ; 23 ; porté ; strike 
0.41384661193383976 ; 33 ; 23 ; hâte ; beat 
0.46238947627813776 ; 90 ; 74 ; doux ; fashion 
0.48553945348533833 ; 241 ; 239 ; alors ; remained 
0.35579476919748243 ; 76 ; 55 ; 4 ; iv 
0.18223904632851162 ; 104 ; 116 ; impossible ; impossible 
0.3096742547090229 ; 29 ; 21 ; fatale ; coin 
0.007326576319443209 ; 283 ; 281 ; madeleine ; madeleine 
0.4126608549685123 ; 42 ; 54 ; fermée ; nine 
0.2853246399246905 ; 80 ; 83 ; justice ; justice 
0.4980803606977108 ; 36 ; 28 ; hôpital ; female 
0.32573939301446675 ; 26 ; 25 ; 10 ; confusion 
0.49163172928499077 ; 89 ; 60 ; cabaret ; sweet 
0.5031381375830992 ; 249 ; 188 ; haut ; already 
0.4270866423746197 ; 42 ; 51 ; lutte ; remember 
0.4734868655137844 ; 124 ; 132 ; mis ; brought 
0.4328399571726501 ; 43 ; 38 ; peuvent ; somewhat 
0.5363674300679694 ; 6102 ; 6633 ; d ; it 
0.4645558014552656 ; 57 ; 54 ; chef ; interior 
0.32658779100917773 ; 21 ; 23 ; criant ; summit 
0.12553900638518461 ; 24 ; 27 ; lion ; lion 
0.38419493979207087 ; 21 ; 21 ; jouer ; spectres 
0.09214970459196294 ; 23 ; 24 ; ignorance ; ignorance 
0.5374675278216676 ; 90 ; 85 ; escalier ; leave 
0.2767551393322752 ; 22 ; 22 ; invalides ; azure 
0.5290769093381181 ; 99 ; 100 ; affaire ; epoch 
0.08394006197595233 ; 31 ; 42 ; artillerie ; artillery 
0.39808980005009975 ; 37 ; 26 ; suivait ; decided 
0.32662016373551955 ; 128 ; 105 ; bonheur ; happiness 
0.07172943911084236 ; 26 ; 25 ; fantôme ; phantom 
0.5223473788641225 ; 414 ; 420 ; voir ; such 
0.040273779824541805 ; 36 ; 32 ; abbé ; abbé 
0.0008471757570073044 ; 27 ; 28 ; baptistine ; baptistine 
0.299687648220999 ; 22 ; 23 ; insu ; cries 
0.5265931928317275 ; 152 ; 110 ; garde ; profound 
0.05535991410675975 ; 28 ; 29 ; univers ; universe 
0.3206439169218606 ; 23 ; 23 ; grommela ; dignity 
0.36265082027236417 ; 26 ; 24 ; tragique ; arose 
0.23248292810433807 ; 114 ; 122 ; rues ; streets 
0.4582677757800627 ; 57 ; 48 ; sent ; glimpse 
0.5611354239188524 ; 372 ; 319 ; ont ; thing 
0.5631675458157329 ; 108 ; 143 ; dis ; myself 
0.4114345097058856 ; 22 ; 26 ; brune ; woollen 
0.3828564068736655 ; 31 ; 26 ; aperçu ; apart 
0.39235180439677153 ; 23 ; 22 ; entrez ; ribbon 
0.38534833435831645 ; 21 ; 29 ; paye ; toulon 
0.43237599476542654 ; 42 ; 47 ; songea ; rapidly 
0.5724640106204189 ; 72 ; 49 ; anglais ; hovel 
0.46218959981102564 ; 67 ; 59 ; disant ; spirit 
0.3908428833790006 ; 33 ; 23 ; éclairait ; irritated 
0.5190436868687085 ; 483 ; 423 ; grand ; place 
0.402324297884434 ; 776 ; 733 ; rien ; nothing 
0.005772074187955778 ; 41 ; 40 ; 1830 ; 1830 
0.4272561740906232 ; 78 ; 77 ; fusil ; gun 
0.4528187810613368 ; 43 ; 45 ; libre ; tongue 
0.3476736497337487 ; 34 ; 33 ; chanter ; watching 
0.45393977749000075 ; 79 ; 56 ; arriva ; observed 
0.017487843575169026 ; 1017 ; 1013 ; cosette ; cosette 
0.38761486285528646 ; 30 ; 31 ; avance ; hidden 
0.4666972070704388 ; 47 ; 46 ; heureuse ; shoulder 
0.3169053161705673 ; 23 ; 24 ; nuées ; vent 
0.16646519299781898 ; 40 ; 37 ; fil ; thread 
0.35388306451045637 ; 22 ; 23 ; recula ; climb 
0.45887440759595494 ; 116 ; 121 ; part ; strange 
0.3549805769197668 ; 26 ; 29 ; mangeait ; duties 
0.1893635459479428 ; 26 ; 27 ; échelle ; ladder 
0.5265168802277779 ; 76 ; 54 ; tas ; interior 
0.4110888285418301 ; 22 ; 28 ; signifie ; lieutenant 
0.48738747240557484 ; 53 ; 43 ; chaussée ; science 
0.3876970304629763 ; 45 ; 35 ; admirable ; accompanied 
0.49492517904957 ; 151 ; 130 ; loin ; taking 
0.36534758263317235 ; 26 ; 24 ; rendit ; ashes 
0.42175173970677354 ; 40 ; 36 ; connaissait ; upper 
0.5228556349632423 ; 321 ; 274 ; venait ; came 
0.11647779614190303 ; 55 ; 59 ; abîme ; abyss 
0.31062664161372283 ; 24 ; 24 ; pan ; hide 
0.4588207108150496 ; 81 ; 84 ; bête ; rendered 
0.35035984456768554 ; 26 ; 29 ; pouvaient ; hurled 
0.4291877957384686 ; 26 ; 25 ; galérien ; path 
0.20937292022446904 ; 84 ; 82 ; genoux ; knees 
0.10450878937284716 ; 55 ; 49 ; douze ; twelve 
0.5151761526064464 ; 270 ; 278 ; voyait ; saw 
0.5281999240621109 ; 3595 ; 3954 ; s ; this 
0.3738588828640135 ; 31 ; 23 ; traversé ; insist 
0.479908647643378 ; 59 ; 50 ; voulu ; next 
0.36821501560727776 ; 21 ; 23 ; troupe ; married 
0.20935932412643668 ; 41 ; 45 ; cerveau ; brain 
0.4056716285005326 ; 25 ; 24 ; cherche ; expiration 
0.1877938518004969 ; 25 ; 28 ; absence ; absence 
0.40242842194776884 ; 35 ; 30 ; écoutait ; putting 
0.5471931786645582 ; 56 ; 38 ; drapeau ; lawyer 
0.4530018264812579 ; 74 ; 67 ; songeait ; turning 
0.17093659004264272 ; 39 ; 43 ; confiance ; confidence 
0.5028013148382053 ; 87 ; 70 ; donne ; peculiar 
0.3709195486215558 ; 61 ; 60 ; habitude ; habit 
0.38976935557720893 ; 31 ; 34 ; méchant ; kind 
0.4813358662816425 ; 84 ; 84 ; chacun ; although 
0.36331105857031143 ; 33 ; 26 ; vraie ; trace 
0.2821937549035509 ; 62 ; 57 ; infini ; infinite 
0.46853628964076927 ; 90 ; 70 ; présent ; peculiar 
0.39006474000371316 ; 34 ; 23 ; suivre ; beat 
0.37561562695058054 ; 26 ; 21 ; pot ; breeze 
0.38810205777809936 ; 22 ; 22 ; écouta ; convicts 
0.2757194649810203 ; 28 ; 23 ; besogne ; unprecedented 
0.3855870005520641 ; 37 ; 25 ; boîte ; decidedly 
0.41986506065533113 ; 1733 ; 1795 ; dit ; said 
0.13176451585723548 ; 45 ; 50 ; ami ; friend 
0.12444090610124095 ; 105 ; 94 ; argot ; slang 
0.2780614397687657 ; 190 ; 188 ; déjà ; already 
0.3992071933599901 ; 36 ; 28 ; train ; leaned 
0.4861957476662491 ; 83 ; 59 ; dernière ; abyss 
0.3691771827635838 ; 24 ; 24 ; remettre ; suspicious 
0.37334581236023195 ; 39 ; 33 ; allant ; vi 
0.4129101499051085 ; 35 ; 27 ; subitement ; seat 
0.4034262729218175 ; 43 ; 30 ; étage ; charge 
0.43002814070456924 ; 61 ; 43 ; entrée ; remembered 
0.4174241555101389 ; 83 ; 70 ; clarté ; peculiar 
0.00514558404382795 ; 31 ; 31 ; préfecture ; prefecture 
0.5367407000812522 ; 1414 ; 1516 ; où ; been 
0.2991278485050418 ; 28 ; 32 ; raisons ; reasons 
0.3990563656723606 ; 24 ; 27 ; gorge ; lion 
0.0028923205922120054 ; 36 ; 36 ; bahorel ; bahorel 
0.4461117462527001 ; 77 ; 81 ; autant ; according 
0.410920517735561 ; 22 ; 24 ; tes ; torch 
0.46033574226430424 ; 62 ; 56 ; pensa ; thither 
0.3863008439599355 ; 26 ; 21 ; envers ; sole 
0.3089184696093304 ; 167 ; 231 ; quelquefois ; sometimes 
0.2962171812599708 ; 121 ; 157 ; oh ; oh 
0.4785373866513454 ; 61 ; 51 ; vieilles ; difficulty 
0.35671162823740343 ; 22 ; 23 ; revoir ; plan 
0.5065204695188754 ; 143 ; 102 ; enfin ; quite 
0.0049553332695690955 ; 54 ; 54 ; toussaint ; toussaint 
0.38531708409839127 ; 56 ; 82 ; pâle ; pale 
0.3353996014755768 ; 379 ; 360 ; ans ; years 
0.3287383935120072 ; 24 ; 22 ; entends ; regret 
0.2911327985516948 ; 26 ; 25 ; cassé ; decidedly 
0.42585309112363656 ; 35 ; 25 ; messe ; wept 
0.3598271167319484 ; 26 ; 24 ; meubles ; lord 
0.20903856962156558 ; 38 ; 39 ; miroir ; mirror 
0.38285138115448714 ; 41 ; 42 ; bienvenu ; president 
0.48595783731492176 ; 97 ; 75 ; 5 ; cry 
0.3155963504622531 ; 101 ; 135 ; arbres ; trees 
0.37320509219800546 ; 24 ; 26 ; lucarne ; restoration 
0.505578770727722 ; 55 ; 64 ; nommé ; condemned 
0.360564538505024 ; 45 ; 62 ; rose ; gloom 
0.4440301035537353 ; 46 ; 37 ; porter ; appears 
0.34785925475246326 ; 21 ; 26 ; graves ; joyous 
0.5021996138594067 ; 109 ; 101 ; tard ; carried 
0.3869220132694265 ; 29 ; 29 ; lesquelles ; admitted 
0.39197746407067163 ; 33 ; 23 ; printemps ; destined 
0.4355811325660716 ; 65 ; 52 ; disparu ; occurred 
0.4807169025894818 ; 137 ; 120 ; façon ; formed 
0.2692111916078245 ; 22 ; 22 ; effrayante ; isolated 
0.3429740648776792 ; 32 ; 40 ; larmes ; tears 
0.36327735508488196 ; 29 ; 26 ; occupé ; command 
0.47802866178489056 ; 32 ; 23 ; halles ; apparition 
0.3957716635849143 ; 58 ; 64 ; rêve ; dream 
0.43145403950717237 ; 54 ; 47 ; devient ; tolerably 
0.10952660528039951 ; 31 ; 35 ; rois ; kings 
0.44161237200765957 ; 155 ; 145 ; passer ; making 
0.5103231095831241 ; 4264 ; 6175 ; avait ; had 
0.525926989604984 ; 683 ; 498 ; cet ; before 
0.5436806743725886 ; 152 ; 160 ; notre ; low 
0.35584061478239226 ; 23 ; 26 ; tournait ; naked 
0.1634488440460638 ; 269 ; 248 ; ah ; ah 
0.3385142998149574 ; 30 ; 24 ; misérables ; finding 
0.3519625037731666 ; 129 ; 181 ; fenêtre ; window 
0.038257017062889365 ; 30 ; 32 ; bonaparte ; bonaparte 
0.41200179698413986 ; 35 ; 26 ; changé ; capital 
0.08514863538252582 ; 159 ; 163 ; révolution ; revolution 
0.14821290593844627 ; 420 ; 398 ; saint ; saint 
0.3950572982656449 ; 44 ; 39 ; monter ; necessity 
0.28233770765234756 ; 23 ; 30 ; mlle ; hougomont 
0.5048014318061503 ; 356 ; 508 ; faut ; must 
0.2561491721303083 ; 36 ; 40 ; mystère ; mystery 
0.18386917362306088 ; 33 ; 31 ; révolutions ; revolutions 
0.42661883794007616 ; 27 ; 26 ; maîtresse ; restoration 
0.39982995535737836 ; 22 ; 21 ; chargé ; personage 
0.3806732886084898 ; 33 ; 32 ; ferait ; tumult 
0.42269881029698453 ; 21 ; 24 ; levant ; outlined 
0.007957372227080262 ; 55 ; 56 ; basque ; basque 
0.4035990734801961 ; 30 ; 21 ; forcé ; kitchen 
0.35728261492965496 ; 1555 ; 2036 ; mais ; but 
0.39443017009943115 ; 33 ; 26 ; parfaitement ; shirt 
0.03967691082945629 ; 51 ; 49 ; europe ; europe 
0.3837151718149004 ; 124 ; 163 ; fer ; iron 
0.34784538118111225 ; 34 ; 38 ; sublime ; experienced 
0.27333753090931234 ; 93 ; 120 ; forçat ; convict 
0.36717329047912717 ; 23 ; 23 ; produit ; produces 
0.19575928494830758 ; 102 ; 98 ; liberté ; liberty 
0.21486357824694355 ; 25 ; 25 ; souper ; supper 
0.4800205975293212 ; 66 ; 47 ; vérité ; getting 
0.06752718343273598 ; 56 ; 55 ; horizon ; horizon 
0.3939462358966088 ; 32 ; 27 ; disaient ; vii 
0.3474467680967852 ; 21 ; 26 ; gravité ; regard 
0.5319990781213527 ; 367 ; 347 ; non ; point 
0.005147331041285563 ; 56 ; 56 ; luxembourg ; luxembourg 
0.009813916955563558 ; 174 ; 174 ; louis ; louis 
0.2695152235143396 ; 28 ; 33 ; émotion ; emotion 
0.512048756564843 ; 179 ; 153 ; tant ; caught 
0.2567719632862733 ; 49 ; 57 ; lèvres ; lips 
0.39293035414061706 ; 38 ; 37 ; voie ; fled 
0.39381244102569996 ; 28 ; 22 ; guet ; drama 
0.46282439304284684 ; 22 ; 32 ; écriture ; barrière 
0.3482796056378069 ; 23 ; 24 ; contraire ; thick 
0.36018055455688935 ; 24 ; 22 ; personnage ; twice 
0.3643440715516426 ; 29 ; 32 ; hôtel ; liked 
0.3591835508312811 ; 130 ; 134 ; lettre ; letter 
0.4254560733894568 ; 33 ; 27 ; points ; deposited 
0.5333283357040467 ; 628 ; 780 ; quelque ; made 
0.3811314912757326 ; 39 ; 32 ; vêtu ; clad 
0.0037119100959972368 ; 38 ; 38 ; éléphant ; elephant 
0.5079080837189245 ; 136 ; 135 ; regardait ; gave 
0.5012027292852554 ; 167 ; 118 ; travers ; filled 
0.3587649667998689 ; 22 ; 23 ; fermer ; performed 
0.3321177090933223 ; 21 ; 22 ; naturellement ; responded 
0.04859834801540508 ; 26 ; 27 ; capitaine ; captain 
0.2678450087913888 ; 27 ; 31 ; intervalles ; intervals 
0.3722018759858946 ; 28 ; 32 ; erreur ; error 
0.08230190099826498 ; 22 ; 26 ; opinions ; opinions 
0.1482480584543668 ; 36 ; 33 ; redoute ; redoubt 
0.37368217802456255 ; 36 ; 30 ; penser ; notice 
0.0019911985093702955 ; 64 ; 64 ; tholomyès ; tholomyès 
0.5062995998290729 ; 64 ; 57 ; poste ; field 
0.031046314779550697 ; 50 ; 51 ; république ; republic 
0.3337842217936502 ; 21 ; 24 ; enclos ; generally 
0.43931217195017974 ; 191 ; 204 ; seul ; alone 
0.36509334032766805 ; 29 ; 32 ; réponse ; chairs 
0.44533995679436783 ; 21 ; 24 ; reculer ; band 
0.07501515395098723 ; 78 ; 72 ; empereur ; emperor 
0.5228780949721155 ; 227 ; 298 ; cependant ; things 
0.03318906648383066 ; 24 ; 25 ; statue ; statue 
0.3280191016171379 ; 44 ; 42 ; murmura ; murmured 
0.3739321115384068 ; 26 ; 23 ; cuivre ; marked 
0.4714495287391851 ; 81 ; 79 ; lorsqu ; heads 
0.4393827614327048 ; 40 ; 44 ; revenir ; mad 
0.36021988055025295 ; 28 ; 21 ; rares ; breeze 
0.4636796077286332 ; 55 ; 39 ; coucher ; easily 
0.16677802477607556 ; 113 ; 91 ; chapeau ; hat 
0.3592013707497776 ; 22 ; 23 ; sourde ; civil 
0.30087116207984715 ; 21 ; 26 ; oratoire ; meditation 
0.5045227008194355 ; 85 ; 74 ; moyen ; standing 
0.44659212535187826 ; 43 ; 32 ; voisin ; interest 
0.39260644716902277 ; 34 ; 23 ; cris ; cries 
0.3591396514615065 ; 37 ; 37 ; pût ; refuge 
0.005438442862540161 ; 32 ; 31 ; myriel ; myriel 
0.24125493830573763 ; 29 ; 21 ; gueulemer ; ursule 
0.3617671741320735 ; 30 ; 23 ; répéta ; insist 
0.5410139234517163 ; 223 ; 283 ; prit ; hour 
0.024240237638100792 ; 1358 ; 1358 ; marius ; marius 
0.3515283013084245 ; 32 ; 30 ; lisait ; curiosity 
0.5231762211375812 ; 2137 ; 2036 ; tout ; but 
0.3900066085515137 ; 25 ; 22 ; appui ; twice 
0.34389648007431517 ; 23 ; 23 ; perd ; odd 
0.2853389380334393 ; 32 ; 39 ; étoile ; star 
0.4595379161431088 ; 118 ; 121 ; venir ; strange 
0.16644466011095582 ; 54 ; 52 ; suprême ; supreme 
0.46551737203415544 ; 26 ; 26 ; semaine ; material 
0.4153920516717655 ; 37 ; 35 ; social ; ate 
0.4376092794240724 ; 30 ; 26 ; mars ; woollen 
0.36367021997721066 ; 25 ; 27 ; parvenu ; waste 
0.5081726933747048 ; 660 ; 558 ; chose ; over 
0.39935120611350317 ; 46 ; 39 ; entré ; uproar 
0.41813799491201825 ; 46 ; 33 ; volé ; ex 
0.36003486765189147 ; 64 ; 76 ; riche ; rich 
0.42815511949390783 ; 48 ; 38 ; chemise ; surface 
0.23325970191603396 ; 113 ; 100 ; époque ; epoch 
0.32414105494036355 ; 26 ; 24 ; quiconque ; drooping 
0.3591954628858667 ; 30 ; 24 ; vagues ; expiration 
0.4347944347507316 ; 32 ; 29 ; meurt ; citizen 
0.37694424834385226 ; 34 ; 23 ; faudra ; charged 
0.4288777797784864 ; 47 ; 49 ; dame ; fast 
0.09642362727304016 ; 40 ; 42 ; ailes ; wings 
0.39239380494829074 ; 42 ; 44 ; ouvrir ; summer 
0.42131125100741806 ; 35 ; 31 ; profondeurs ; knife 
0.3980105605420226 ; 29 ; 25 ; aurez ; connection 
0.3135146638109284 ; 31 ; 37 ; terreur ; v 
0.4299806756515462 ; 59 ; 45 ; écrit ; wished 
0.4669255568530999 ; 105 ; 109 ; seule ; least 
0.3673188130595841 ; 29 ; 25 ; espèces ; brilliant 
0.004558993857127144 ; 21 ; 21 ; tuileries ; tuileries 
0.4538816034954258 ; 71 ; 79 ; quoique ; watch 
0.35778021651509107 ; 31 ; 39 ; laine ; played 
0.15281279578462137 ; 24 ; 21 ; profil ; profile 
0.0026458961824972205 ; 46 ; 46 ; champmathieu ; champmathieu 
0.048073648172844076 ; 49 ; 47 ; paradis ; paradise 
0.30354061594148773 ; 26 ; 21 ; malgré ; salute 
0.5290196211315207 ; 3221 ; 2943 ; c ; for 
0.005808504101253845 ; 41 ; 41 ; austerlitz ; austerlitz 
0.5660127672344976 ; 58 ; 56 ; fiacre ; luxembourg 
0.2758128127264289 ; 26 ; 23 ; demeure ; insist 
0.26569230376086533 ; 86 ; 63 ; gamin ; gamin 
0.38333482407125014 ; 33 ; 35 ; quantité ; preserved 
0.3835690843296006 ; 25 ; 37 ; sommet ; lane 
0.4110432503395545 ; 26 ; 26 ; lieux ; picture 
0.4602135598691538 ; 81 ; 74 ; parti ; standing 
0.38142690805614454 ; 50 ; 46 ; politique ; political 
0.1778098212822118 ; 60 ; 68 ; jeunesse ; youth 
0.443293642966457 ; 47 ; 41 ; religieuses ; nun 
0.58635173087856 ; 252 ; 186 ; leurs ; above 
0.4652422048223241 ; 104 ; 105 ; pourrait ; cannot 
0.3541973883126486 ; 22 ; 22 ; partis ; base 
0.3800182001902466 ; 32 ; 31 ; remarqué ; spectre 
0.4867613124466883 ; 86 ; 58 ; arrière ; shoulders 
0.06795625353058576 ; 23 ; 22 ; 1823 ; 1823 
0.527540482237439 ; 60 ; 49 ; gardes ; centre 
0.5042848276292083 ; 228 ; 193 ; lumière ; idea 
0.43322329327613196 ; 51 ; 54 ; partir ; formerly 
0.0863549857914413 ; 23 ; 23 ; dialogue ; dialogue 
0.5588669880427879 ; 115 ; 109 ; ton ; morrow 
0.38965681549189485 ; 28 ; 31 ; venant ; hidden 
0.34515718993096084 ; 30 ; 30 ; commencé ; notice 
0.44497971536249137 ; 75 ; 54 ; vivre ; vanished 
0.051624128886697596 ; 137 ; 139 ; napoléon ; napoleon 
0.305258967904039 ; 25 ; 28 ; célèbre ; celebrated 
0.04901385259324506 ; 23 ; 23 ; dignité ; dignity 
0.38299016970609945 ; 45 ; 38 ; commence ; tender 
0.35415624854162153 ; 28 ; 22 ; réel ; rock 
0.4452324085539406 ; 70 ; 57 ; laissé ; ii 
0.11257461323261699 ; 39 ; 43 ; humanité ; humanity 
0.5015182767698323 ; 162 ; 121 ; sentait ; strange 
0.5446224571192418 ; 2910 ; 2939 ; lui ; him 
0.23595780001976335 ; 713 ; 601 ; père ; father 
0.39322944996439757 ; 48 ; 45 ; utile ; useful 
0.46356513519049963 ; 80 ; 73 ; passe ; thinking 
0.3664141347091514 ; 56 ; 79 ; têtes ; heads 
0.31236508753886516 ; 27 ; 25 ; ô ; excess 
0.3560996614523462 ; 22 ; 23 ; capable ; irritated 
0.47846048607182284 ; 175 ; 145 ; beaucoup ; making 
0.37217572961246687 ; 59 ; 63 ; pitié ; pity 
0.3114313038787133 ; 21 ; 23 ; tranquillement ; marked 
0.3915427902615092 ; 26 ; 23 ; ouverture ; exact 
0.5439230361289024 ; 456 ; 541 ; avoir ; see 
0.12876395146762776 ; 31 ; 33 ; extase ; ecstasy 
0.43284557550425845 ; 52 ; 38 ; nus ; ears 
0.37087820515370873 ; 21 ; 21 ; devoirs ; unfolded 
0.33841917390736415 ; 22 ; 26 ; azur ; intoxicated 
0.38648079750139863 ; 378 ; 402 ; jamais ; never 
0.18570814294367471 ; 100 ; 95 ; idées ; ideas 
0.25704691781461364 ; 21 ; 21 ; silencieusement ; distinct 
0.146895678290602 ; 25 ; 22 ; boulanger ; baker 
0.3208022516150451 ; 79 ; 93 ; chandelle ; candle 
0.27782084951901204 ; 22 ; 22 ; gardé ; bones 
0.6236390354009219 ; 352 ; 258 ; fille ; bed 
0.29609171210588103 ; 22 ; 32 ; carrefour ; martin 
0.19039414267245242 ; 24 ; 25 ; masque ; mask 
0.4006190230515036 ; 32 ; 25 ; échapper ; task 
0.33416095000026613 ; 23 ; 25 ; excès ; excess 
0.1662770838270268 ; 91 ; 111 ; mademoiselle ; mademoiselle 
0.38408648619423585 ; 25 ; 22 ; regards ; stated 
0.4152485606025385 ; 24 ; 23 ; demie ; thy 
0.49973666278930684 ; 71 ; 63 ; regarde ; ask 
0.5237481457367149 ; 247 ; 239 ; assez ; since 
0.18278882396656498 ; 27 ; 28 ; monarchie ; monarchy 
0.5242590432735801 ; 4134 ; 3954 ; du ; this 
0.4202010549042442 ; 49 ; 38 ; pensif ; satisfied 
0.500289414681053 ; 95 ; 127 ; tourna ; continued 
0.004917076686881683 ; 45 ; 45 ; chanvrerie ; chanvrerie 
0.49576491769139197 ; 147 ; 132 ; demanda ; seized 
0.34190491735400674 ; 64 ; 59 ; oreille ; ear 
0.5322354380211796 ; 6010 ; 5105 ; une ; which 
0.48330908601126515 ; 24 ; 27 ; malades ; archbishop 
0.40485159166620194 ; 29 ; 30 ; cœurs ; alarm 
0.12099102047119464 ; 38 ; 37 ; roues ; wheels 
0.3777934301472262 ; 40 ; 37 ; dressa ; grasped 
0.03843137845994973 ; 31 ; 32 ; génie ; genius 
0.3574514672924546 ; 88 ; 74 ; faute ; fault 
0.40042970826629726 ; 36 ; 32 ; palais ; fastened 
0.3619394211064815 ; 58 ; 50 ; soixante ; sixty 
0.29991864192385886 ; 487 ; 563 ; moment ; moment 
0.32502441994201003 ; 21 ; 24 ; écriait ; fifth 
0.43575508536769136 ; 27 ; 32 ; cercueil ; sand 
0.3815941545081193 ; 28 ; 34 ; approchait ; catastrophe 
0.03706460631473604 ; 294 ; 293 ; fauchelevent ; fauchelevent 
0.31620048181347526 ; 26 ; 34 ; catastrophe ; catastrophe 
0.31977228972359967 ; 22 ; 22 ; inattendu ; assuredly 
0.5238422785809033 ; 201 ; 193 ; comment ; idea 
0.3309407394959939 ; 49 ; 51 ; chat ; cat 
0.3637298458064706 ; 21 ; 24 ; sortaient ; devotion 
0.4028635804788424 ; 25 ; 36 ; songé ; hollow 
0.11573929321144658 ; 131 ; 126 ; siècle ; century 
0.4947511279213428 ; 84 ; 67 ; voiture ; recognize 
0.1107177433626603 ; 70 ; 60 ; etc ; etc 
0.3913118868354194 ; 22 ; 26 ; monte ; naked 
0.33494367292182314 ; 97 ; 109 ; sang ; blood 
0.5088861894945894 ; 294 ; 280 ; bras ; fact 
0.5263629533815107 ; 462 ; 421 ; vers ; way 
0.5138717476351651 ; 4707 ; 4451 ; ce ; with 
0.5385327116714915 ; 680 ; 635 ; quand ; about 
0.4594627421588697 ; 62 ; 55 ; vive ; across 
0.34923413460965946 ; 22 ; 26 ; quelles ; restoration 
0.21662265309236234 ; 40 ; 41 ; neige ; snow 
0.4937223462488429 ; 132 ; 104 ; ténèbres ; gloomy 
0.3899225540804586 ; 53 ; 47 ; ouvert ; troubled 
0.24434020815907137 ; 25 ; 23 ; avril ; april 
0.36366621189362375 ; 22 ; 21 ; splendide ; scale 
0.48765410787272206 ; 195 ; 204 ; ceci ; alone 
0.47449931343729507 ; 120 ; 112 ; suite ; hardly 
0.3728797094567101 ; 36 ; 30 ; rayon ; ray 
0.5131044755198176 ; 497 ; 515 ; fois ; still 
0.4927429057995721 ; 108 ; 145 ; heureux ; happy 
0.003543391224167247 ; 30 ; 30 ; prouvaire ; prouvaire 
0.004082249539833938 ; 48 ; 48 ; babet ; babet 
0.4936283020947987 ; 121 ; 121 ; entendait ; visible 
0.5527406357083496 ; 197 ; 149 ; cent ; perhaps 
0.49163982069226936 ; 78 ; 61 ; sûr ; quitted 
0.40014273469183453 ; 114 ; 142 ; nature ; nature 
0.4099150395036403 ; 45 ; 38 ; paix ; tender 
0.3962180466665958 ; 31 ; 38 ; sentiment ; legs 
0.17487699439252252 ; 21 ; 21 ; poings ; fists 
0.021974309166222367 ; 71 ; 69 ; baron ; baron 
0.5668070225025076 ; 587 ; 502 ; toutes ; same 
0.37952095486684967 ; 45 ; 51 ; côtés ; sides 
0.4749944894259568 ; 86 ; 61 ; âge ; bare 
0.45909315117317934 ; 106 ; 102 ; nouveau ; quite 
0.025156195534792168 ; 28 ; 29 ; minuit ; midnight 
0.3201155546371429 ; 24 ; 24 ; extrême ; alleys 
0.532109868515415 ; 225 ; 188 ; vieille ; already 
0.4752579910116584 ; 66 ; 54 ; seconde ; daylight 
0.5126569435384793 ; 73 ; 54 ; soi ; straight 
0.49653048937342065 ; 95 ; 87 ; chercher ; understood 
0.3702643510762985 ; 27 ; 21 ; indiquer ; confine 
0.014142324042941426 ; 42 ; 41 ; temple ; temple 
0.4145225132483429 ; 40 ; 42 ; tandis ; talked 
0.5060640978645263 ; 121 ; 117 ; jeunes ; dark 
0.04603824543768832 ; 154 ; 156 ; sœur ; sister 
0.345694032784602 ; 24 ; 23 ; lesquels ; dialogue 
0.385139229450838 ; 32 ; 22 ; tonnerre ; heels 
0.4229447058652518 ; 40 ; 35 ; devenait ; quickly 
0.015588845166972565 ; 21 ; 28 ; égouts ; sewers 
0.3469841606454751 ; 24 ; 24 ; quatrième ; hedge 
0.4100735741431543 ; 23 ; 26 ; philosophe ; galley 
0.4573201582362703 ; 45 ; 35 ; crépuscule ; possess 
0.4689124141348877 ; 31 ; 25 ; billet ; comte 
0.4266154275694617 ; 42 ; 33 ; portant ; pieces 
0.003611369392746533 ; 49 ; 49 ; théodule ; théodule 
0.39674702421494795 ; 32 ; 31 ; pense ; sepulchre 
0.39919866242281116 ; 197 ; 293 ; pauvre ; poor 
0.288114704375214 ; 91 ; 94 ; devoir ; duty 
0.30433842850855164 ; 44 ; 56 ; pantalon ; trousers 
0.3249265263101295 ; 28 ; 23 ; ombres ; insist 
0.40301867253577894 ; 35 ; 41 ; spectacle ; passer 
0.38592332997951284 ; 35 ; 27 ; pointe ; deposited 
0.5848927508346837 ; 754 ; 635 ; étaient ; about 
0.42485130033505064 ; 38 ; 40 ; pardon ; pardon 
0.4945643048412482 ; 114 ; 85 ; parole ; formidable 
0.4435354663615726 ; 268 ; 401 ; semblait ; seemed 
0.37369357061235253 ; 26 ; 24 ; possibles ; clasped 
0.17094338681731217 ; 62 ; 66 ; soldats ; soldiers 
0.5319742194473259 ; 51 ; 67 ; numéro ; wounded 
0.36272011481000316 ; 25 ; 25 ; décidément ; decidedly 
0.40965311731981974 ; 22 ; 22 ; murailles ; stated 
0.43655691648439077 ; 577 ; 483 ; porte ; door 
0.33496350491775506 ; 31 ; 25 ; rendu ; fly 
0.17293989094485565 ; 119 ; 104 ; pain ; bread 
0.4049783745334098 ; 32 ; 31 ; monta ; mon 
0.3399467557581881 ; 28 ; 21 ; chefs ; coin 
0.39436615640590017 ; 38 ; 26 ; personnes ; speech 
0.36233182720544843 ; 39 ; 41 ; grandeur ; pulled 
0.366331696059809 ; 27 ; 26 ; tendre ; cravat 
0.42052169303346315 ; 60 ; 49 ; quart ; fast 
0.41182836876562967 ; 79 ; 69 ; paraissait ; creature 
0.4606515807542528 ; 135 ; 137 ; étant ; foot 
0.3979501083585698 ; 28 ; 22 ; celles ; captured 
0.42630268826969453 ; 63 ; 55 ; malheur ; across 
0.4835504915025264 ; 108 ; 104 ; fini ; truth 
0.3560850180112926 ; 24 ; 23 ; demandé ; particular 
0.3779476928596702 ; 25 ; 22 ; panier ; cheek 
0.39066027168502276 ; 46 ; 42 ; nécessaire ; thoughtful 
0.3913445738965179 ; 28 ; 22 ; morale ; inhabitants 
0.36894450044981575 ; 26 ; 22 ; pêle ; buy 
0.44879341783875504 ; 47 ; 32 ; ouvrait ; usual 
0.017834286912373824 ; 25 ; 26 ; régiment ; regiment 
0.3976117968765472 ; 48 ; 49 ; jusque ; clear 
0.40208682786105204 ; 28 ; 23 ; repartit ; inspired 
0.44947795983569855 ; 72 ; 65 ; grandes ; none 
0.38951769822811355 ; 42 ; 41 ; ouvrier ; show 
0.44000892275426173 ; 70 ; 63 ; profonde ; tried 
0.3924780871521204 ; 21 ; 25 ; sueur ; supper 
0.35768497214368233 ; 43 ; 36 ; esprits ; minds 
0.43337686258601177 ; 68 ; 55 ; trouver ; iv 
0.3722994822966539 ; 28 ; 26 ; ouvre ; running 
0.40043275502214026 ; 22 ; 29 ; plantes ; wear 
0.35899076086355264 ; 34 ; 38 ; plis ; satisfied 
0.4351741064090603 ; 65 ; 58 ; appeler ; absolutely 
0.38846607091478436 ; 35 ; 42 ; trous ; entire 
0.49521976779453497 ; 153 ; 170 ; parler ; speak 
0.3872266711958225 ; 29 ; 23 ; précaution ; redoubled 
0.4026183993367132 ; 32 ; 30 ; jambe ; wanted 
0.12783180667152977 ; 27 ; 28 ; christ ; christ 
0.3824394836509442 ; 23 ; 23 ; existait ; exact 
0.41479208139518164 ; 49 ; 38 ; répondait ; unexpected 
0.43926376145143714 ; 24 ; 21 ; alcôve ; officers 
0.11951136469055634 ; 62 ; 80 ; prisonnier ; prisoner 
0.40636832616686214 ; 44 ; 36 ; bleu ; seeking 
0.529585070886355 ; 162 ; 176 ; hui ; earth 
0.33596378831453677 ; 21 ; 23 ; rapport ; excellent 
0.42703848302004993 ; 28 ; 23 ; sachant ; dignity 
0.3522043385553927 ; 25 ; 24 ; apparut ; executed 
0.3943007582540583 ; 30 ; 30 ; carrés ; italy 
0.5947164475371629 ; 104 ; 87 ; iv ; ll 
0.053635181365024764 ; 23 ; 22 ; drame ; drama 
0.1116205286230914 ; 200 ; 187 ; mille ; thousand 
0.3706011078800361 ; 28 ; 35 ; honte ; huge 
0.3778868226651186 ; 36 ; 34 ; laissant ; dieu 
0.216073140439656 ; 55 ; 42 ; président ; president 
0.3941173646282417 ; 35 ; 38 ; brave ; success 
0.43019512930312354 ; 21 ; 22 ; portefeuille ; azelma 
0.387158861159054 ; 28 ; 36 ; songe ; probable 
0.37158921864031985 ; 47 ; 35 ; hideux ; violence 
0.3282378776649794 ; 22 ; 31 ; poteau ; combatants 
0.5178421010923681 ; 160 ; 116 ; vient ; impossible 
0.32394745173727973 ; 24 ; 30 ; événement ; chief 
0.5197672001552143 ; 67 ; 52 ; aura ; passers 
0.5206910656062177 ; 169 ; 128 ; eh ; knows 
0.0751575421673877 ; 357 ; 356 ; mère ; mother 
0.48599405997647505 ; 259 ; 239 ; fond ; since 
0.39680987607293694 ; 56 ; 59 ; blanche ; abyss 
0.41352157020027064 ; 389 ; 314 ; entre ; between 
0.10539766275580785 ; 130 ; 138 ; papier ; paper 
0.5143474418336285 ; 89 ; 109 ; allez ; morrow 
0.3478038219637687 ; 22 ; 29 ; prier ; toulon 
0.4973079813964465 ; 36 ; 34 ; carré ; setting 
0.4352088635650867 ; 64 ; 47 ; large ; quarters 
0.3660723135615306 ; 22 ; 21 ; mouchard ; brat 
0.3731558376713904 ; 34 ; 35 ; vêtements ; tear 
0.5174083507022752 ; 94 ; 99 ; es ; pretty 
0.41796148728725174 ; 559 ; 526 ; après ; after 
0.3785478358859963 ; 24 ; 34 ; livide ; livid 
0.19990717203114233 ; 72 ; 68 ; clef ; key 
0.4115643017167697 ; 34 ; 29 ; sortant ; penetrated 
0.13006723273915272 ; 25 ; 31 ; dangereux ; dangerous 
0.046911239187159275 ; 89 ; 90 ; quarante ; forty 
0.43619988218368283 ; 29 ; 21 ; couvert ; profile 
0.6343794267115326 ; 181 ; 131 ; filles ; want 
0.08300997461016901 ; 28 ; 26 ; cravate ; cravat 
0.12002239636822878 ; 34 ; 31 ; bourse ; purse 
0.4493544957249003 ; 48 ; 43 ; pierres ; appear 
0.4077057884380965 ; 23 ; 21 ; reconnaissance ; aux 
0.3670312344004927 ; 35 ; 26 ; revenait ; terms 
0.2624514227433918 ; 22 ; 22 ; sérénité ; serenity 
0.32239636679605493 ; 23 ; 27 ; bouches ; mouths 
0.37553721255389244 ; 21 ; 21 ; stupide ; audience 
0.3230350381122816 ; 36 ; 43 ; servante ; servant 
0.41635568148839763 ; 39 ; 41 ; hauteur ; hastily 
0.3599512715956787 ; 26 ; 24 ; ceinture ; torch 
0.3782326732984184 ; 28 ; 23 ; éleva ; redoubled 
0.01069447021432254 ; 26 ; 28 ; lieutenant ; lieutenant 
0.416121596017483 ; 43 ; 50 ; mine ; beauty 
0.4442361862333988 ; 64 ; 75 ; entrait ; whence 
0.02682540547917811 ; 28 ; 21 ; cloaque ; cesspool 
0.30488981986438374 ; 53 ; 66 ; double ; double 
0.006589689336872984 ; 184 ; 183 ; courfeyrac ; courfeyrac 
0.46272892036142216 ; 89 ; 75 ; dès ; motionless 
0.36065839944012346 ; 31 ; 22 ; pur ; base 
0.530354723390697 ; 403 ; 314 ; côté ; between 
0.3568870767472096 ; 29 ; 21 ; offrait ; admiration 
0.3317620564782744 ; 22 ; 28 ; cachait ; dogs 
0.01601405822291624 ; 37 ; 36 ; joly ; joly 
0.32362423899468185 ; 26 ; 26 ; seuls ; regiment 
0.5217174293784937 ; 160 ; 148 ; bout ; appeared 
0.38117077532604177 ; 21 ; 24 ; donnant ; portion 
0.04622497718431468 ; 404 ; 406 ; paris ; paris 
0.39301155234864793 ; 26 ; 24 ; pouvant ; clasped 
0.5413929354524435 ; 219 ; 183 ; sais ; exclaimed 
0.5189667262686964 ; 97 ; 100 ; voulez ; caused 
0.20827130661591162 ; 61 ; 72 ; honneur ; honor 
0.4479677986289613 ; 59 ; 44 ; tira ; surrounded 
0.4496858663174703 ; 48 ; 36 ; cocher ; coachman 
0.5435258550354055 ; 731 ; 918 ; été ; very 
0.03613433124140269 ; 43 ; 42 ; empire ; empire 
0.12205848294519117 ; 66 ; 69 ; insurrection ; insurrection 
0.026816100234162824 ; 24 ; 24 ; baiser ; kiss 
0.5153237134010717 ; 81 ; 74 ; années ; chair 
0.4139190237832552 ; 37 ; 28 ; frappa ; stretched 
0.493150435711689 ; 151 ; 145 ; milieu ; turn 
0.5774975401745905 ; 180 ; 174 ; peuple ; france 
0.08561478089782007 ; 34 ; 34 ; victoire ; victory 
0.45043120869745373 ; 91 ; 127 ; sentit ; continued 
0.3296458943111058 ; 31 ; 27 ; rencontra ; intelligent 
0.3430596844394443 ; 22 ; 21 ; évanoui ; planks 
0.413712284455218 ; 22 ; 21 ; épouse ; somewhere 
0.5462814902755706 ; 2609 ; 2104 ; son ; an 
0.4999846726477447 ; 77 ; 63 ; savez ; wrath 
0.3545563886818119 ; 28 ; 36 ; assises ; hollow 
0.47714408543111475 ; 64 ; 50 ; certaines ; add 
0.017277059926664423 ; 59 ; 59 ; pistolet ; pistol 
0.36108419058598556 ; 24 ; 23 ; travaille ; ordinary 
0.1871531162847748 ; 57 ; 52 ; passants ; passers 
0.3943064154658716 ; 25 ; 26 ; commis ; declared 
0.36513648622391914 ; 24 ; 22 ; dormir ; buy 
0.44583242747020924 ; 75 ; 78 ; entendu ; serious 
0.10766912050324658 ; 24 ; 21 ; frères ; brothers 
0.4283670364123917 ; 45 ; 37 ; eussent ; lying 
0.4219047556440228 ; 75 ; 70 ; mystérieux ; peculiar 
0.399916078229489 ; 22 ; 23 ; départ ; speedily 
0.33237351400708415 ; 52 ; 69 ; sou ; sou 
0.23821927966689393 ; 37 ; 30 ; voile ; veil 
0.5980438190348902 ; 267 ; 193 ; droit ; idea 
0.48888155102011255 ; 80 ; 58 ; arrivé ; absolutely 
0.20329134822482006 ; 33 ; 30 ; plafond ; ceiling 
0.3920351514255082 ; 28 ; 33 ; messieurs ; yonder 
0.38811078595519677 ; 31 ; 21 ; drôle ; continue 
0.45720076821014566 ; 51 ; 35 ; prise ; utter 
0.30944067358622557 ; 28 ; 23 ; canons ; axe 
0.4725347531520365 ; 311 ; 447 ; sorte ; sort 
0.020875267688589716 ; 55 ; 54 ; plumet ; plumet 
0.35718775908587264 ; 30 ; 37 ; noires ; fled 
0.3950469620769422 ; 24 ; 22 ; acte ; weary 
0.42943866350017923 ; 78 ; 72 ; plutôt ; vast 
0.5566756245465396 ; 447 ; 364 ; avaient ; something 
0.3949517285564098 ; 27 ; 26 ; pleines ; command 
0.3403740942989994 ; 25 ; 23 ; longs ; odd 
0.06627200167824258 ; 37 ; 39 ; foi ; faith 
0.3198471580758636 ; 27 ; 28 ; habits ; celebrated 
0.4713087902881838 ; 37 ; 25 ; galetas ; problem 
0.4958809536547538 ; 144 ; 135 ; tenait ; gave 
0.3688704144016016 ; 26 ; 26 ; suivi ; character 
0.4049097309442808 ; 29 ; 24 ; colonne ; fired 
0.042266613223517505 ; 247 ; 247 ; six ; six 
0.5357598387696098 ; 992 ; 859 ; aux ; than 
0.4982337091859418 ; 127 ; 162 ; venu ; manner 
0.4114426989792388 ; 34 ; 29 ; suivit ; wear 
0.360379800774171 ; 22 ; 21 ; tromper ; hill 
0.4778843449765639 ; 48 ; 39 ; bière ; cloister 
0.24046498836278793 ; 61 ; 59 ; horreur ; horror 
0.3686174952595706 ; 21 ; 22 ; observa ; base 
0.16734137120201947 ; 23 ; 29 ; déjeuner ; breakfast 
0.3792009058014453 ; 27 ; 24 ; parlez ; owed 
0.3533734266783643 ; 26 ; 22 ; trace ; drama 
0.22664016846983812 ; 91 ; 114 ; bagne ; galleys 
0.3764199025994652 ; 30 ; 29 ; garder ; opinion 
0.22984882905807186 ; 60 ; 66 ; soldat ; soldier 
0.00517726978981041 ; 39 ; 39 ; jacques ; jacques 
0.29791311706191664 ; 60 ; 53 ; combat ; combat 
0.38623830962257094 ; 23 ; 26 ; empêche ; velvet 
0.3756696476963969 ; 24 ; 21 ; traversait ; neighbors 
0.3339921724895891 ; 23 ; 30 ; degrés ; veil 
0.30710906794672177 ; 21 ; 21 ; instruction ; trial 
0.43212829804625863 ; 49 ; 53 ; désespoir ; drawn 
0.40785147548819256 ; 59 ; 81 ; vague ; vague 
0.6115219755386446 ; 1173 ; 959 ; m ; m 
0.052481563873195615 ; 23 ; 26 ; latin ; latin 
0.003258509452693785 ; 21 ; 21 ; officiers ; officers 
0.4704059315729956 ; 52 ; 41 ; masure ; nun 
0.5167526918622746 ; 5623 ; 5105 ; qui ; which 
0.5197921205089016 ; 225 ; 275 ; maintenant ; found 
0.5257360538691336 ; 98 ; 71 ; genre ; latter 
0.41109002159887764 ; 36 ; 30 ; paquet ; swords 
0.007464122827347874 ; 50 ; 51 ; insurgés ; insurgents 
0.3901716131461225 ; 28 ; 25 ; existence ; tables 
0.34880469895397487 ; 38 ; 32 ; enfance ; childhood 
0.38128895480123465 ; 27 ; 22 ; tombeau ; buy 
0.420087544633843 ; 37 ; 31 ; chambres ; watched 
0.36164431923175977 ; 22 ; 25 ; parvint ; decidedly 
0.3637108403634538 ; 40 ; 41 ; suffit ; tiny 
0.3758437403386903 ; 24 ; 22 ; sacrée ; stated 
0.33636772107586016 ; 230 ; 298 ; choses ; things 
0.0053816692146089196 ; 92 ; 92 ; mabeuf ; mabeuf 
0.3866245033422817 ; 38 ; 42 ; content ; art 
0.0051004849424564815 ; 43 ; 43 ; antoine ; antoine 
0.0628414624453155 ; 243 ; 253 ; oui ; yes 
0.5710321799936563 ; 334 ; 330 ; chez ; own 
0.5475911397279045 ; 428 ; 402 ; bon ; never 
0.31006605810487436 ; 382 ; 326 ; presque ; almost 
0.41741751500071234 ; 37 ; 26 ; reçu ; terms 
0.5357290389914074 ; 5699 ; 7878 ; que ; that 
0.3947768026961131 ; 26 ; 26 ; fouilla ; elapsed 
0.42455665120685027 ; 330 ; 441 ; maison ; house 
0.39263812999409975 ; 24 ; 31 ; politiques ; revolutions 
0.5263634212498641 ; 317 ; 304 ; va ; off 
0.0035264836782959164 ; 21 ; 21 ; diligence ; diligence 
0.40898907695984416 ; 38 ; 27 ; descendre ; descend 
0.25287006628473463 ; 93 ; 109 ; demain ; morrow 
0.442454415451397 ; 44 ; 51 ; perdre ; difficulty 
0.007682645582922143 ; 238 ; 235 ; gillenormand ; gillenormand 
0.3785389625878852 ; 32 ; 35 ; moindre ; sake 
0.1992022409246046 ; 44 ; 43 ; cartouches ; cartridges 
0.12999410870001588 ; 49 ; 50 ; voyageur ; traveller 
0.4795322093002685 ; 78 ; 84 ; passa ; sad 
0.38099045416065935 ; 33 ; 40 ; apercevoir ; gay 
0.04044124862485929 ; 26 ; 27 ; archevêque ; archbishop 
0.38863244195020175 ; 28 ; 24 ; ruine ; lanterns 
0.5027420580491545 ; 96 ; 84 ; humain ; bit 
0.3732612668586177 ; 26 ; 24 ; résolution ; colossal 
0.020110213094997484 ; 76 ; 76 ; juin ; june 
0.42723732062296654 ; 30 ; 35 ; tenant ; inside 
0.5923813824331373 ; 324 ; 248 ; ça ; ah 
0.3503739296238869 ; 21 ; 22 ; claire ; treated 
0.3366265699034199 ; 23 ; 21 ; note ; robbed 
0.3515852207587025 ; 29 ; 25 ; dois ; working 
0.54798127125916 ; 395 ; 347 ; vieux ; point 
0.357137152057409 ; 24 ; 21 ; ayez ; trial 
0.004093557039717366 ; 84 ; 84 ; grantaire ; grantaire 
0.4996458233596835 ; 150 ; 109 ; aurait ; least 
0.46685243607868765 ; 65 ; 47 ; français ; paving 
0.38564505988063075 ; 21 ; 22 ; chère ; inhabitants 
0.38741942796743706 ; 2687 ; 3779 ; je ; i 
0.39479552930945083 ; 70 ; 65 ; doucement ; approached 
0.3421387906650478 ; 25 ; 23 ; longues ; sheets 
0.4552823642517798 ; 82 ; 55 ; entendre ; across 
0.053192495997157294 ; 37 ; 38 ; majesté ; majesty 
0.45753308598962156 ; 45 ; 67 ; faudrait ; recognize 
0.432075777806356 ; 46 ; 50 ; crut ; permitted 
0.0009293790748067937 ; 28 ; 28 ; blachevelle ; blachevelle 
0.49594214249917845 ; 103 ; 98 ; dessous ; coming 
0.24044813523532427 ; 25 ; 22 ; scène ; scene 
0.35712353086356946 ; 22 ; 23 ; hôte ; thy 
0.4393913385712766 ; 30 ; 26 ; prends ; material 
0.320121421327654 ; 24 ; 31 ; physionomie ; throw 
0.46123109705886695 ; 104 ; 121 ; terrible ; strange 
0.4281328653551868 ; 38 ; 37 ; arrêté ; wide 
0.292803504718422 ; 73 ; 63 ; colère ; wrath 
0.45330323229266134 ; 89 ; 75 ; 6 ; entering 
0.41796352395895586 ; 31 ; 30 ; in ; market 
0.35913237673095416 ; 38 ; 26 ; bizarre ; playing 
0.37861499984768604 ; 29 ; 36 ; secours ; lark 
0.3906925289220763 ; 51 ; 49 ; auparavant ; exist 
0.3682084705350967 ; 28 ; 25 ; prononcer ; multitude 
0.0068823164767494276 ; 208 ; 208 ; fantine ; fantine 
0.4896078636971688 ; 93 ; 86 ; partie ; occasion 
0.32277934872565905 ; 30 ; 25 ; larges ; decidedly 
0.44416151074285054 ; 48 ; 57 ; toile ; best 
0.17010074542087414 ; 29 ; 33 ; vision ; vision 
0.3126696780983516 ; 423 ; 343 ; voix ; voice 
0.4355448455752211 ; 40 ; 29 ; sociale ; style 
0.07559339007610782 ; 25 ; 26 ; velours ; velvet 
0.002693591428667874 ; 44 ; 43 ; laigle ; laigle 
0.5199560046180102 ; 54 ; 40 ; salon ; gown 
0.36372533963925513 ; 24 ; 25 ; manqué ; wicked 
0.41665722694806095 ; 42 ; 37 ; obscure ; v 
0.491584171210934 ; 106 ; 86 ; entra ; singular 
0.3747338072998807 ; 31 ; 38 ; surface ; surface 
0.1322596654883602 ; 31 ; 26 ; fauteuil ; armchair 
0.35505098231590737 ; 24 ; 29 ; roue ; wheel 
0.3718682563630241 ; 24 ; 23 ; no ; climb 
0.3957431691732439 ; 40 ; 43 ; particulier ; confidence 
0.3065477167068051 ; 35 ; 47 ; agonie ; agony 
0.3905420559224792 ; 34 ; 31 ; quitter ; hidden 
0.0034120916953053193 ; 31 ; 31 ; mondétour ; mondétour 
0.470869347938237 ; 146 ; 170 ; savait ; knew 
0.3444333125533824 ; 25 ; 23 ; borne ; emerging 
0.3467434829956932 ; 24 ; 27 ; masques ; corinthe 
0.5136706760165322 ; 99 ; 78 ; vite ; serious 
0.4294675201071735 ; 50 ; 35 ; cacher ; quickly 
0.3004189641931392 ; 48 ; 47 ; rapidement ; rapidly 
0.2287750199504554 ; 29 ; 37 ; militaire ; military 
0.3535324759207056 ; 21 ; 22 ; poêle ; comrades 
0.2749767914340928 ; 50 ; 46 ; boue ; mud 
0.0928084174049004 ; 34 ; 33 ; café ; café 
0.533267591606776 ; 662 ; 558 ; puis ; over 
0.1897598889689321 ; 66 ; 85 ; fenêtres ; windows 
0.2918221314378123 ; 26 ; 28 ; innocence ; innocence 
0.4447321019648071 ; 35 ; 37 ; trouble ; lying 
0.3748657039991712 ; 98 ; 96 ; attention ; attention 
0.3675801936174794 ; 24 ; 32 ; marais ; martin 
0.0011038387006899325 ; 25 ; 25 ; blücher ; blücher 
0.1914374137603354 ; 75 ; 74 ; chaise ; chair 
0.5147020224262187 ; 112 ; 103 ; entendit ; received 
0.4469114456200417 ; 110 ; 78 ; misère ; misery 
0.4720718705079845 ; 98 ; 106 ; faisaient ; followed 
0.5490974326444151 ; 68 ; 46 ; ta ; aspect 
0.38238596042413336 ; 27 ; 24 ; contenait ; clever 
0.3480052179226746 ; 41 ; 28 ; ensuite ; utterly 
0.3952484784679625 ; 50 ; 49 ; paraît ; wretch 
0.1421801943388598 ; 42 ; 44 ; fièvre ; fever 
0.3214135973577446 ; 24 ; 30 ; extraordinaire ; extraordinary 
0.3477768427981711 ; 50 ; 37 ; désormais ; henceforth 
0.3540534734946059 ; 47 ; 40 ; cave ; cellar 
0.30715328165125266 ; 90 ; 67 ; partout ; everywhere 
0.11385170153818548 ; 36 ; 32 ; charité ; charity 
0.36290067403857373 ; 22 ; 26 ; mendiant ; proved 
0.28468468914184736 ; 80 ; 67 ; êtres ; beings 
0.5180401640026231 ; 107 ; 128 ; tiens ; rose 
0.4617390504532226 ; 43 ; 30 ; fera ; market 
0.46171615733980725 ; 243 ; 228 ; esprit ; mind 
0.4077585407732046 ; 129 ; 192 ; ajouta ; added 
0.3702227190287536 ; 28 ; 31 ; souvenirs ; spectre 
0.4450060117997583 ; 141 ; 163 ; égout ; sewer 
0.28623011345512617 ; 29 ; 26 ; auguste ; joyous 
0.030826756922889553 ; 21 ; 22 ; mestienne ; fauvent 
0.4954852095075186 ; 15938 ; 14785 ; la ; and 
0.046790974719162826 ; 31 ; 32 ; martin ; martin 
0.3726069791972223 ; 31 ; 32 ; soin ; attempt 
0.40137985872329723 ; 37 ; 36 ; importe ; sufficient 
0.3709024729628003 ; 48 ; 38 ; volonté ; breaking 
0.4612004359857763 ; 65 ; 87 ; vas ; ll 
0.15570183608425942 ; 43 ; 40 ; chair ; flesh 
0.5307219341924237 ; 3010 ; 2412 ; au ; from 
0.4074614556768081 ; 33 ; 31 ; ouvriers ; hungry 
0.0971932529466953 ; 46 ; 37 ; dîner ; dinner 
0.5367850529766678 ; 539 ; 526 ; jour ; after 
0.40857861735202716 ; 396 ; 432 ; femme ; woman 
0.36685365547876236 ; 33 ; 26 ; entrevoyait ; remarked 
0.47671961222832004 ; 99 ; 117 ; vue ; bottom 
0.2601635423991042 ; 132 ; 159 ; livre ; book 
0.3989626147916479 ; 40 ; 39 ; conseil ; receive 
0.44587226176090466 ; 60 ; 71 ; demande ; drawing 
0.3643211130743122 ; 22 ; 23 ; indifférence ; indifference 
0.38126557211771217 ; 41 ; 49 ; semblaient ; vaguely 
0.3117977671654366 ; 21 ; 25 ; hésitation ; hesitation 
0.5420358514108305 ; 128 ; 109 ; sera ; morrow 
